<?xml version="1.0" encoding="UTF-8" standalone="yes"?>
<beans xsi:schemaLocation="http://schema.cloudfoundry.org/spring http://schema.cloudfoundry.org/spring/cloudfoundry-spring-0.8.xsd http://www.springframework.org/schema/beans http://www.springframework.org/schema/beans/spring-beans-3.1.xsd" xmlns="http://www.springframework.org/schema/beans" xmlns:cloud="http://schema.cloudfoundry.org/spring" xmlns:xsi="http://www.w3.org/2001/XMLSchema-instance">
    <import resource="classpath:springapp.xml"/>
    <import resource="classpath:prefab-dispatcher-servlet.xml"/>
    <import resource="classpath:FeedService.spring.xml"/>
    <import resource="classpath:googleapis.spring.xml"/>
    <import resource="classpath:runtimeService.spring.xml"/>
    <import resource="classpath:waveMakerService.spring.xml"/>
    <bean class="org.springframework.web.servlet.handler.SimpleUrlHandlerMapping" id="urlMapping">
        <property name="mappings">
            <value>
                /**/*.json=agJSONController
                /**/*.download=agFileDownloadController
                /**/*.flashUploader=agFlashFileUploadController
                /**/*.upload=agFileUploadController
                /modules/**=wmModuleController
                /lib/build/Gzipped/*=fileController
                /lib/build/themes/**=fileController
                /lib/wm/base/widget/themes/**=fileController
                /lib/dojo/**=fileController
                /lib/runtimeLoader.js=fileController
                /lib/boot/boot.js=fileController
                /resources/images/**=fileController
                /resources/gzipped/**=fileController
                /config.js=fileController
            </value>
        </property>
        <property name="alwaysUseFullPath" value="true"/>
    </bean>
</beans>
