<beans xmlns="http://www.springframework.org/schema/beans"
       xmlns:xsi="http://www.w3.org/2001/XMLSchema-instance"
       xmlns:mvc="http://www.springframework.org/schema/mvc"
       xmlns:context="http://www.springframework.org/schema/context"
       xsi:schemaLocation="http://www.springframework.org/schema/beans
            http://www.springframework.org/schema/beans/spring-beans-3.0.xsd
            http://www.springframework.org/schema/mvc
            http://www.springframework.org/schema/mvc/spring-mvc-3.1.xsd
            http://www.springframework.org/schema/context
            http://www.springframework.org/schema/context/spring-context-3.0.xsd">
    <context:annotation-config/>
    <mvc:annotation-driven>
        <mvc:message-converters>
            <bean class="org.springframework.http.converter.json.MappingJacksonHttpMessageConverter">
                <property name="objectMapper" ref="wmObjectMapper"/>
            </bean>
        </mvc:message-converters>
    </mvc:annotation-driven>

    <bean id="wmObjectMapper" class="com.wavemaker.runtime.WMObjectMapper"/>

    <bean id="handlerAdapter" class="org.springframework.web.servlet.mvc.SimpleControllerHandlerAdapter"/>

    <bean id="handlerExceptionResolver" class="org.springframework.web.servlet.mvc.annotation.AnnotationMethodHandlerExceptionResolver"/>
</beans>