{
	"gmailEmails": {
		"type": "Feed",
		"isList": false,
		"owner": "Page",
		"dataSet": {
			"dataValue": ""
		},
		"dataBinding": {
			"feedURL": "https://mail.google.com/mail/feed/atom",
			"httpBasicAuthUsername": "bind:Widgets.text1.datavalue",
			"httpBasicAuthPassword": "bind:Widgets.text2.datavalue",
			"connectionTimeout": "0"
		},
		"saveInPhonegap": false,
		"firstRow": 0,
		"maxResults": 0,
		"designMaxResults": 0,
		"operation": "getFeedWithHttpConfig",
		"service": "FeedService",
		"startUpdate": false,
		"autoUpdate": false,
		"onSuccess": "Javascript",
		"serviceType": "WebService",
		"category": "wm.ServiceVariable",
		"_id": "wm-wm.ServiceVariable1396875692983",
		"name": "gmailEmails"
	}
}